{"metrics": {"ACC": 78.0}, "predictions": [1, 1, 1, 1, 1, 1, 1, 1, 1, 1, 1, 1, 1, 1, 1, 1, 1, 1, 1, 1, 1, 1, 1, 1, 1, 1, 1, 1, 1, 1, 1, 1, 1, 1, 1, 1, 1, 1, 1, 1, 1, 1, 1, 1, 1, 1, 1, 1, 1, 1, 1, 1, 1, 1, 1, 1, 1, 1, 1, 1, 1, 1, 1, 1, 1, 1, 1, 1, 1, 1, 1, 1, 1, 1, 1, 1, 1, 1, 1, 1, 1, 1, 1, 1, 1, 1, 1, 1, 1, 1, 1, 1, 1, 1, 1, 1, 1, 1, 1, 1], "uids": ["1432", "1433", "1434", "1435", "1436", "1437", "1438", "1439", "1440", "1441", "1442", "1443", "1444", "1445", "1446", "1447", "1448", "1449", "1450", "1452", "1453", "1454", "1455", "1456", "1457", "1458", "1459", "1460", "1461", "1462", "1463", "1464", "1465", "1466", "1467", "1468", "1469", "1470", "1471", "1472", "1473", "1474", "1475", "1476", "1477", "1479", "1480", "1481", "1482", "1483", "1484", "1485", "1486", "1487", "1488", "1489", "1490", "1491", "1492", "1493", "1494", "1495", "1496", "1497", "1498", "1499", "1500", "1501", "1502", "1503", "1505", "1506", "1507", "1508", "1509", "1510", "1511", "1512", "1513", "1514", "1515", "1516", "1517", "1518", "1519", "1520", "1521", "1522", "1523", "1524", "1525", "1526", "1527", "1528", "1530", "1531", "1532", "1533", "1534", "1535"], "scores": [0.0003927048237528652, 0.9978601336479187, 0.0017471958417445421, 0.0003985766088590026, 0.9976364374160767, 0.0019650855101644993, 0.00042433253838680685, 0.9976486563682556, 0.0019269997719675303, 0.0004223257419653237, 0.9976546168327332, 0.0019231165060773492, 0.0005229020607657731, 0.9974023699760437, 0.002074652584269643, 0.0032052656169980764, 0.974428117275238, 0.02236669696867466, 0.0004895929014310241, 0.9974688291549683, 0.002041643252596259, 0.00042800160008482635, 0.997369647026062, 0.0022022633347660303, 0.00044593654456548393, 0.9976701140403748, 0.001883857068605721, 0.000494401203468442, 0.9963212013244629, 0.003184407716616988, 0.00038229452911764383, 0.9976983666419983, 0.0019193667685613036, 0.0004149035958107561, 0.9975404739379883, 0.0020446006674319506, 0.0004296831612009555, 0.9977898597717285, 0.0017804650124162436, 0.0005303337238729, 0.9959725737571716, 0.0034970061387866735, 0.000440692383563146, 0.9974682331085205, 0.0020911626052111387, 0.00041628582403063774, 0.9976330995559692, 0.0019506821408867836, 0.000759592920076102, 0.993695080280304, 0.0055453781969845295, 0.0005448426236398518, 0.9959390163421631, 0.0035162237472832203, 0.00044454229646362364, 0.9978808164596558, 0.0016746894689276814, 0.00046619283966720104, 0.9967813491821289, 0.002752479398623109, 0.0008202740573324263, 0.9918655753135681, 0.007314133457839489, 0.00044962932588532567, 0.9967519044876099, 0.0027984497137367725, 0.0005382196977734566, 0.9964928030967712, 0.002968919463455677, 0.0004391579423099756, 0.996894359588623, 0.0026665350887924433, 0.0007840028265491128, 0.9937461614608765, 0.00546980882063508, 0.00041460609645582736, 0.9971798658370972, 0.002405489096418023, 0.00044130379683338106, 0.9975727200508118, 0.0019860120955854654, 0.000467975449282676, 0.9968891739845276, 0.0026428208220750093, 0.00042350104195065796, 0.9973055124282837, 0.0022710387129336596, 0.00044633197830989957, 0.9974506497383118, 0.002102913334965706, 0.00044529870501719415, 0.997226893901825, 0.0023277599830180407, 0.00253099761903286, 0.9783841371536255, 0.019084801897406578, 0.0005055431392975152, 0.9966913461685181, 0.002803078154101968, 0.0005605046171694994, 0.9963035583496094, 0.003136018756777048, 0.0005647650687023997, 0.9961198568344116, 0.0033154187258332968, 0.0006583433132618666, 0.9941149353981018, 0.005226787645369768, 0.00039864733116701245, 0.9975103139877319, 0.0020911276806145906, 0.00041938084177672863, 0.9973432421684265, 0.0022374012041836977, 0.00047943845856934786, 0.9974319338798523, 0.0020886592101305723, 0.00046055405982770026, 0.9964704513549805, 0.0030690315179526806, 0.00044923918903805315, 0.9974011182785034, 0.002149720210582018, 0.0004043031658511609, 0.997455894947052, 0.0021397951059043407, 0.0005689607933163643, 0.9952940344810486, 0.00413701543584466, 0.00046240666415542364, 0.9969281554222107, 0.002609389601275325, 0.0004505212127696723, 0.9977622032165527, 0.0017872895114123821, 0.000849753268994391, 0.9918033480644226, 0.007346907164901495, 0.0004285931936465204, 0.9969255328178406, 0.002645967761054635, 0.0005471877520903945, 0.9966346621513367, 0.0028181748930364847, 0.00045534386299550533, 0.9969133138656616, 0.0026312624104321003, 0.000572455464862287, 0.9959707856178284, 0.003456713631749153, 0.00043986213859170675, 0.9968763589859009, 0.002683831611648202, 0.00041773365228436887, 0.9975823163986206, 0.001999941421672702, 0.0004692600923590362, 0.996837854385376, 0.002692812355235219, 0.0004266072646714747, 0.9974319338798523, 0.0021413888316601515, 0.0004255692183505744, 0.9974769949913025, 0.002097443677484989, 0.0004233535728417337, 0.9971926808357239, 0.0023840805515646935, 0.003354215295985341, 0.9726644158363342, 0.02398131787776947, 0.0005058265523985028, 0.9971112012863159, 0.0023829778656363487, 0.0005042125121690333, 0.9965691566467285, 0.0029266695491969585, 0.0006795189110562205, 0.9951719641685486, 0.004148559179157019, 0.0007155401981435716, 0.9937117099761963, 0.005572808440774679, 0.00039165548514574766, 0.9976902008056641, 0.0019181679235771298, 0.0004310286894906312, 0.9974876642227173, 0.0020812596194446087, 0.0004496861365623772, 0.9976167678833008, 0.0019335559336468577, 0.0004641257110051811, 0.9965620636940002, 0.0029738452285528183, 0.00042897602543234825, 0.9976033568382263, 0.0019676710944622755, 0.0004159931559115648, 0.9975243210792542, 0.0020597202237695456, 0.0005218794103711843, 0.9958857893943787, 0.0035923104733228683, 0.0004452257417142391, 0.9972071051597595, 0.0023476541973650455, 0.0004835986765101552, 0.9977073669433594, 0.0018090144731104374, 0.000755377986934036, 0.9941816926002502, 0.005062920972704887, 0.0009165852097794414, 0.9964457154273987, 0.002637754660099745, 0.0004678139230236411, 0.9973289966583252, 0.002203219337388873, 0.0005094482330605388, 0.9973243474960327, 0.00216613314114511, 0.00044455326860770583, 0.9970397353172302, 0.0025157572235912085, 0.0004186831065453589, 0.997503936290741, 0.0020773732103407383, 0.00041505813715048134, 0.9972593784332275, 0.0023255902342498302, 0.00043477717554196715, 0.9974873065948486, 0.002077987417578697, 0.00045180440065450966, 0.9971333742141724, 0.0024147904478013515, 0.0004872046411037445, 0.9967575669288635, 0.0027552263345569372, 0.007603972684592009, 0.9439802765846252, 0.04841581732034683, 0.0004762612225022167, 0.9969792366027832, 0.002544502727687359, 0.0004624546563718468, 0.9968804121017456, 0.002657220931723714, 0.0005080286064185202, 0.9967346787452698, 0.0027571911923587322, 0.0005087158060632646, 0.9961280226707458, 0.00336326751857996, 0.00040332425851374865, 0.9973089694976807, 0.002287778537720442, 0.00047838292084634304, 0.99692302942276, 0.002598654245957732, 0.0004651423660106957, 0.997444748878479, 0.0020900978706777096, 0.000633931951597333, 0.9948135614395142, 0.004552466329187155, 0.0004772071843035519, 0.9969694018363953, 0.0025534522719681263, 0.00044149893801659346, 0.9969673752784729, 0.002591068157926202, 0.0011397243943065405, 0.9898373484611511, 0.009022972546517849, 0.0006158770411275327, 0.9949787259101868, 0.0044054375030100346, 0.00047549180453643203, 0.9974820017814636, 0.0020424851682037115, 0.0004925770335830748, 0.9974576830863953, 0.0020496512297540903, 0.00040901234024204314, 0.9975597858428955, 0.0020311963744461536, 0.00044451269786804914, 0.9975374937057495, 0.00201801466755569, 0.00041398892062716186, 0.9977153539657593, 0.0018706733826547861, 0.00042626066715456545, 0.997580885887146, 0.001992881530895829, 0.0004128025902900845, 0.9973908066749573, 0.0021963983308523893]}