{"metrics": {"ACC": 74.0}, "predictions": [1, 0, 1, 1, 1, 2, 2, 1, 1, 1, 1, 1, 1, 1, 1, 1, 1, 1, 1, 1, 1, 1, 1, 1, 1, 1, 1, 0, 1, 1, 1, 2, 2, 1, 1, 1, 1, 1, 1, 1, 1, 1, 1, 1, 2, 1, 1, 1, 1, 1, 1, 1, 1, 1, 1, 1, 1, 1, 1, 1, 1, 1, 1, 1, 1, 1, 1, 1, 1, 1, 0, 1, 1, 1, 1, 1, 1, 1, 1, 1, 2, 1, 1, 1, 1, 1, 1, 0, 1, 1, 1, 1, 1, 1, 1, 1, 1, 1, 1, 1], "uids": ["1432", "1433", "1434", "1435", "1436", "1437", "1438", "1439", "1440", "1441", "1442", "1443", "1444", "1445", "1446", "1447", "1448", "1449", "1450", "1452", "1453", "1454", "1455", "1456", "1457", "1458", "1459", "1460", "1461", "1462", "1463", "1464", "1465", "1466", "1467", "1468", "1469", "1470", "1471", "1472", "1473", "1474", "1475", "1476", "1477", "1479", "1480", "1481", "1482", "1483", "1484", "1485", "1486", "1487", "1488", "1489", "1490", "1491", "1492", "1493", "1494", "1495", "1496", "1497", "1498", "1499", "1500", "1501", "1502", "1503", "1505", "1506", "1507", "1508", "1509", "1510", "1511", "1512", "1513", "1514", "1515", "1516", "1517", "1518", "1519", "1520", "1521", "1522", "1523", "1524", "1525", "1526", "1527", "1528", "1530", "1531", "1532", "1533", "1534", "1535"], "scores": [0.23839294910430908, 0.45411601662635803, 0.3074910044670105, 0.40316465497016907, 0.3382788896560669, 0.2585565447807312, 0.3480433523654938, 0.385159969329834, 0.26679670810699463, 0.31885814666748047, 0.40107885003089905, 0.2800630033016205, 0.35053250193595886, 0.3597593307495117, 0.2897081971168518, 0.275370717048645, 0.3305719196796417, 0.39405736327171326, 0.3136947453022003, 0.32666337490081787, 0.35964182019233704, 0.254759281873703, 0.4120960831642151, 0.3331446647644043, 0.3235792815685272, 0.3727025091648102, 0.3037182092666626, 0.20789586007595062, 0.4789053797721863, 0.31319883465766907, 0.31330275535583496, 0.3937816023826599, 0.29291561245918274, 0.3081134855747223, 0.41001003980636597, 0.28187644481658936, 0.35185566544532776, 0.38606950640678406, 0.2620747685432434, 0.37212812900543213, 0.3797522783279419, 0.24811957776546478, 0.20871149003505707, 0.44705814123153687, 0.3442303538322449, 0.23022377490997314, 0.44100144505500793, 0.32877475023269653, 0.2799778878688812, 0.3853433132171631, 0.3346787393093109, 0.3016267418861389, 0.40111643075942993, 0.29725685715675354, 0.23878759145736694, 0.4576989412307739, 0.30351346731185913, 0.15194234251976013, 0.47891998291015625, 0.3691376745700836, 0.20202460885047913, 0.46748411655426025, 0.3304913341999054, 0.17689402401447296, 0.45473748445510864, 0.3683685064315796, 0.18079030513763428, 0.4542073905467987, 0.365002304315567, 0.17886069416999817, 0.4779665768146515, 0.34317275881767273, 0.2113793045282364, 0.47759634256362915, 0.31102433800697327, 0.2977001965045929, 0.39404967427253723, 0.30825015902519226, 0.22757484018802643, 0.45812636613845825, 0.3142987787723541, 0.3728010654449463, 0.2945953607559204, 0.3326035737991333, 0.33572086691856384, 0.36998072266578674, 0.294298380613327, 0.29811304807662964, 0.3982784152030945, 0.3036084771156311, 0.30093470215797424, 0.3750019073486328, 0.32406339049339294, 0.20132091641426086, 0.39394694566726685, 0.4047321081161499, 0.3210066258907318, 0.3225148320198059, 0.3564785122871399, 0.17225037515163422, 0.4609597325325012, 0.36678990721702576, 0.17946718633174896, 0.4526657164096832, 0.36786705255508423, 0.1584719568490982, 0.47331884503364563, 0.36820921301841736, 0.2513689696788788, 0.4869646430015564, 0.26166635751724243, 0.2426147758960724, 0.47170451283454895, 0.2856806814670563, 0.18830585479736328, 0.4563450515270233, 0.355349063873291, 0.22445058822631836, 0.4691900610923767, 0.30635932087898254, 0.1723528951406479, 0.4871589243412018, 0.3404881954193115, 0.2976881265640259, 0.39407482743263245, 0.3082369565963745, 0.21683214604854584, 0.4246469736099243, 0.35852086544036865, 0.27939555048942566, 0.42976516485214233, 0.29083922505378723, 0.2981790006160736, 0.34533199667930603, 0.35648900270462036, 0.15840597450733185, 0.48803889751434326, 0.3535550832748413, 0.16950584948062897, 0.4983356297016144, 0.33215853571891785, 0.17770153284072876, 0.5146186947822571, 0.30767980217933655, 0.19472861289978027, 0.48215383291244507, 0.32311752438545227, 0.25096145272254944, 0.41492414474487305, 0.3341143727302551, 0.25240641832351685, 0.45936426520347595, 0.2882293164730072, 0.18131385743618011, 0.4682205617427826, 0.3504655957221985, 0.21401041746139526, 0.4395234286785126, 0.34646621346473694, 0.3105194568634033, 0.37623536586761475, 0.31324517726898193, 0.28778648376464844, 0.41100838780403137, 0.3012050986289978, 0.2609366178512573, 0.4156627953052521, 0.3234005570411682, 0.21672888100147247, 0.3934648931026459, 0.38980627059936523, 0.3114732503890991, 0.3938715159893036, 0.2946552038192749, 0.18503981828689575, 0.4514678716659546, 0.36349233984947205, 0.22570715844631195, 0.4126012325286865, 0.36169159412384033, 0.17318792641162872, 0.4865565598011017, 0.3402555286884308, 0.26736143231391907, 0.42464062571525574, 0.3079979717731476, 0.28153717517852783, 0.42183834314346313, 0.2966245412826538, 0.28682053089141846, 0.4309948682785034, 0.28218451142311096, 0.32973194122314453, 0.3971898853778839, 0.27307817339897156, 0.15029169619083405, 0.49602922797203064, 0.3536791503429413, 0.24561485648155212, 0.42739471793174744, 0.32699039578437805, 0.3291020691394806, 0.3942975699901581, 0.27660036087036133, 0.3031432032585144, 0.4087429940700531, 0.2881138026714325, 0.2028041034936905, 0.43866756558418274, 0.3585283160209656, 0.3813425898551941, 0.3729647099971771, 0.24569274485111237, 0.33353379368782043, 0.4146268963813782, 0.251839280128479, 0.2921037971973419, 0.37870505452156067, 0.32919108867645264, 0.2335141897201538, 0.43116387724876404, 0.33532196283340454, 0.25058087706565857, 0.4363603889942169, 0.3130587339401245, 0.2723889648914337, 0.4200212359428406, 0.3075897693634033, 0.3606836497783661, 0.37060844898223877, 0.26870787143707275, 0.297922283411026, 0.37831804156303406, 0.32375964522361755, 0.2746430039405823, 0.40169939398765564, 0.3236575722694397, 0.2963101863861084, 0.38998404145240784, 0.31370580196380615, 0.19527322053909302, 0.3904852271080017, 0.41424161195755005, 0.32179370522499084, 0.40205976366996765, 0.2761465609073639, 0.24034801125526428, 0.4350667893886566, 0.3245851695537567, 0.20786112546920776, 0.43546047806739807, 0.3566783666610718, 0.303836852312088, 0.3878488838672638, 0.3083142340183258, 0.28884556889533997, 0.41353145241737366, 0.29762300848960876, 0.2689077854156494, 0.4230996072292328, 0.307992547750473, 0.376425176858902, 0.373870313167572, 0.24970455467700958, 0.3313980996608734, 0.39840513467788696, 0.27019670605659485, 0.19140933454036713, 0.47526559233665466, 0.3333251178264618, 0.1754179447889328, 0.4596385657787323, 0.36494356393814087, 0.22084078192710876, 0.4148164689540863, 0.36434274911880493, 0.24271748960018158, 0.43937891721725464, 0.317903608083725, 0.2916632890701294, 0.4244859516620636, 0.2838507890701294, 0.32454875111579895, 0.4209423363208771, 0.25450897216796875, 0.31045883893966675, 0.40706363320350647, 0.2824774980545044, 0.2725661098957062, 0.4112093448638916, 0.316224604845047, 0.2959345579147339, 0.40506207942962646, 0.29900339245796204, 0.2678913474082947, 0.4245736300945282, 0.3075350224971771, 0.26635226607322693, 0.37303584814071655, 0.36061182618141174]}